148.41,0.0129,0.016823
150.17,0.0129,0.016823
151.95,0.0129,0.016823
153.76,0.0129,0.016823
155.58,0.0129,0.016823
157.43,0.0129,0.016823
159.29,0.0129,0.016823
161.18,0.0129,0.016823
163.09,0.0129,0.016823
165.03,0.0129,0.016823
166.99,0.0129,0.047659
168.97,0.0129,0.075251
170.97,0.0129,0.1001
173,0.0129,0.1226
175.05,0.0129,0.14309
177.13,0.0129,0.16183
179.23,0.0129,0.17906
181.35,0.0129,0.19496
183.5,0.0129,0.20246
185.68,0.0129,0.21666
187.88,0.0129,0.22989
190.11,0.0129,0.24225
192.37,0.0129,0.24814
194.65,0.0129,0.25937
196.96,0.0129,0.26995
199.29,0.0129,0.27501
201.66,0.0129,0.28472
204.05,0.0129,0.28937
206.47,0.0129,0.29833
208.92,0.0129,0.30683
211.4,0.0129,0.31093
213.9,0.0129,0.31883
216.44,0.0129,0.32265
219.01,0.0129,0.33002
221.61,0.0129,0.33358
224.23,0.0129,0.34047
226.89,0.0129,0.34381
229.59,0.0129,0.35027
232.31,0.0129,0.3534
235.06,0.0129,0.35948
237.85,0.0129,0.36243
240.67,0.0129,0.36815
243.53,0.0129,0.37093
246.42,0.0129,0.37365
249.34,0.0129,0.37895
252.3,0.0129,0.38152
255.29,0.0129,0.38652
258.32,0.0129,0.38896
261.38,0.0129,0.39369
264.48,0.0129,0.39599
267.62,0.0129,0.39825
270.79,0.0129,0.40264
274,0.0129,0.40478
277.25,0.0129,0.40894
280.54,0.0129,0.41097
283.87,0.0129,0.41296
287.24,0.0129,0.41683
290.64,0.0129,0.41872
294.09,0.0129,0.42057
297.58,0.0129,0.42417
301.11,0.0129,0.42593
304.68,0.0129,0.42765
308.29,0.0129,0.43101
311.95,0.0129,0.43264
315.65,0.0129,0.43425
319.39,0.0129,0.43737
323.18,0.0129,0.43889
327.02,0.0129,0.44038
330.9,0.0129,0.44329
334.82,0.0129,0.44471
338.79,0.0129,0.4461
342.81,0.0129,0.4488
346.88,0.0129,0.45012
350.99,0.0129,0.45141
355.15,0.0129,0.45392
359.37,0.0129,0.45514
363.63,0.0129,0.45635
367.94,0.0129,0.45752
372.3,0.0129,0.45982
376.72,0.0129,0.46093
381.19,0.0129,0.46203
385.71,0.0129,0.46416
390.29,0.0129,0.46519
394.91,0.0129,0.46621
399.6,0.0129,0.4672
404.34,0.0129,0.46914
409.13,0.0129,0.47008
413.99,0.0129,0.471
418.9,0.0129,0.47191
423.87,0.0129,0.47367
428.89,0.0129,0.47452
433.98,0.0129,0.47536
439.13,0.0129,0.47618
444.34,0.0129,0.47778
449.61,0.0129,0.47855
454.94,0.0129,0.47931
460.34,0.0129,0.48005
465.8,0.0129,0.48149
471.32,0.0129,0.48219
476.91,0.0129,0.48287
482.57,0.0129,0.48354
488.29,0.0129,0.4842
494.08,0.0129,0.48547
499.94,0.0129,0.48608
505.87,0.0129,0.48668
511.87,0.0129,0.48727
517.94,0.0129,0.48841
524.09,0.0129,0.48896
530.3,0.0129,0.48949
536.59,0.0129,0.49002
542.96,0.0129,0.49053
549.4,0.0129,0.49152
555.91,0.042551,0.49199
562.51,0.065365,0.49246
569.18,0.086293,0.49291
575.93,0.10844,0.49335
582.76,0.12859,0.49419
589.67,0.14804,0.4946
596.67,0.16636,0.49499
603.75,0.18322,0.49538
610.91,0.20055,0.49575
618.15,0.21609,0.49646
625.48,0.22965,0.4968
632.9,0.24344,0.49712
640.41,0.25746,0.49744
648.01,0.2693,0.49775
655.69,0.28128,0.49833
663.47,0.29097,0.4986
671.34,0.30074,0.49887
679.3,0.3106,0.49912
687.36,0.32054,0.49936
695.51,0.33055,0.4996
703.76,0.34062,0.50003
712.11,0.34822,0.50024
720.55,0.35585,0.50043
729.1,0.36351,0.50061
737.75,0.37118,0.50078
746.5,0.37888,0.50095
755.35,0.38658,0.50124
764.31,0.39429,0.50138
773.38,0.39942,0.50151
782.55,0.40712,0.50162
791.83,0.41224,0.50173
801.22,0.41734,0.50183
810.73,0.42497,0.502
820.34,0.43003,0.50207
830.07,0.43506,0.50214
839.92,0.44006,0.50219
849.88,0.44502,0.50224
859.96,0.44993,0.50228
870.16,0.4548,0.50234
880.48,0.45961,0.50236
890.93,0.46199,0.50237
901.49,0.46671,0.50238
912.19,0.47135,0.50238
923.01,0.47591,0.50237
933.95,0.47816,0.50235
945.03,0.48258,0.5023
956.24,0.48476,0.50227
967.58,0.48904,0.50223
979.06,0.49114,0.50219
990.67,0.49525,0.50214
1002.4,0.49726,0.50209
1014.3,0.50119,0.50203
1026.3,0.50311,0.5019
1038.5,0.50684,0.50182
1050.8,0.50865,0.50175
1063.3,0.51043,0.50167
1075.9,0.51218,0.50158
1088.7,0.51556,0.5015
1101.6,0.51719,0.50141
1114.6,0.51878,0.50121
1127.9,0.52034,0.50111
1141.2,0.52333,0.50101
1154.8,0.52477,0.5009
1168.5,0.52616,0.50079
1182.3,0.52752,0.50068
1196.4,0.52883,0.50056
1210.6,0.53011,0.50045
1224.9,0.53253,0.50021
1239.4,0.53367,0.50008
1254.1,0.53478,0.49996
1269,0.53584,0.49983
1284.1,0.53686,0.4997
1299.3,0.53784,0.49957
1314.7,0.53878,0.49944
1330.3,0.53967,0.49917
1346.1,0.54053,0.49903
1362,0.54134,0.49889
1378.2,0.54211,0.49875
1394.6,0.54284,0.49861
1411.1,0.54352,0.49847
1427.8,0.54417,0.49833
1444.8,0.54478,0.49818
1461.9,0.54534,0.4979
1479.2,0.54587,0.49775
1496.8,0.54636,0.49761
1514.5,0.54681,0.49746
1532.5,0.54722,0.49732
1550.7,0.54759,0.49718
1569.1,0.54793,0.49703
1587.7,0.54822,0.49675
1606.5,0.54849,0.49661
1625.6,0.54871,0.49647
1644.8,0.54891,0.49633
1664.4,0.54898,0.4962
1684.1,0.54906,0.49607
1704.1,0.54919,0.49593
1724.3,0.54928,0.49581
1744.7,0.54934,0.49556
1765.4,0.54936,0.49544
1786.4,0.54936,0.49532
1807.6,0.54933,0.49521
1829,0.54927,0.4951
1850.7,0.54918,0.495
1872.6,0.54906,0.4949
1894.9,0.54899,0.49481
1917.3,0.54892,0.49464
1940.1,0.54875,0.49456
1963.1,0.54856,0.49449
1986.4,0.54834,0.49443
2009.9,0.5481,0.49438
2033.8,0.54784,0.49433
2057.9,0.54756,0.49429
2082.3,0.54726,0.49423
2107,0.54694,0.49421
2132,0.54678,0.4942
2157.3,0.54661,0.4942
2182.9,0.54626,0.49422
2208.8,0.54589,0.49424
2235,0.54551,0.49427
2261.5,0.54512,0.49436
2288.3,0.54472,0.49442
2315.4,0.54431,0.4945
2342.9,0.54389,0.49458
2370.7,0.54346,0.49468
2398.8,0.54303,0.49479
2427.2,0.54281,0.49491
2456,0.54259,0.49519
2485.2,0.54215,0.49535
2514.6,0.54171,0.49553
2544.5,0.54127,0.49572
2574.7,0.54083,0.49592
2605.2,0.54039,0.49614
2636.1,0.53996,0.49637
2667.4,0.53953,0.49687
2699,0.53911,0.49715
2731,0.5387,0.49744
2763.4,0.53829,0.49774
2796.2,0.5379,0.49806
2829.3,0.53752,0.4984
2862.9,0.53734,0.49912
2896.9,0.53715,0.49951
2931.2,0.5368,0.49991
2966,0.53647,0.50033
3001.2,0.53615,0.50076
3036.8,0.53586,0.50121
3072.8,0.53558,0.50216
3109.2,0.53532,0.50266
3146.1,0.53509,0.50318
3183.4,0.53488,0.50371
3221.2,0.5347,0.50426
3259.4,0.53454,0.5054
3298,0.53441,0.506
3337.2,0.53431,0.50661
3376.7,0.53423,0.50723
3416.8,0.53418,0.50787
3457.3,0.53417,0.5092
3498.3,0.53418,0.50988
3539.8,0.53422,0.51057
3581.8,0.5344,0.51128
3624.3,0.53454,0.512
3667.3,0.5347,0.51347
3710.8,0.5349,0.51422
3754.8,0.53513,0.51498
3799.3,0.53539,0.51575
3844.4,0.53568,0.51652
3890,0.53599,0.51809
3936.1,0.53634,0.51888
3982.8,0.53671,0.51967
4030.1,0.5371,0.52047
4077.9,0.53797,0.52126
4126.2,0.53844,0.52285
4175.2,0.53893,0.52364
4224.7,0.53943,0.52443
4274.8,0.53995,0.52521
4325.5,0.54049,0.52599
4376.8,0.54104,0.52751
4428.7,0.54161,0.52825
4481.2,0.54276,0.52898
4534.4,0.54334,0.52969
4588.2,0.54393,0.53039
4642.6,0.54451,0.53173
4697.7,0.54509,0.53237
4753.4,0.54567,0.53299
4809.8,0.54624,0.53357
4866.8,0.5468,0.53414
4924.5,0.54735,0.53467
4982.9,0.5484,0.53518
5042.1,0.5489,0.53609
5101.9,0.54937,0.5365
5162.4,0.54983,0.53686
5223.6,0.55025,0.5372
5285.6,0.55065,0.53749
5348.2,0.55103,0.53774
5411.7,0.55136,0.53795
5475.9,0.55167,0.53812
5540.8,0.55194,0.53833
5606.5,0.55218,0.53836
5673,0.55238,0.53835
5740.3,0.55255,0.5383
5808.4,0.55267,0.53819
5877.3,0.55276,0.53804
5947,0.5528,0.53784
6017.6,0.55281,0.53759
6088.9,0.55277,0.5373
6161.1,0.55269,0.53695
6234.2,0.55258,0.53656
6308.2,0.55242,0.53612
6383,0.55222,0.53564
6458.7,0.55198,0.53511
6535.3,0.55171,0.53453
6612.8,0.55139,0.53391
6691.3,0.55103,0.53325
6770.6,0.55064,0.53254
6850.9,0.55022,0.53179
6932.2,0.54975,0.53101
7014.4,0.54926,0.53018
7097.6,0.54873,0.52932
7181.8,0.54817,0.52842
7267,0.54758,0.52749
7353.2,0.54696,0.52653
7440.4,0.54664,0.52554
7528.6,0.54632,0.52452
7617.9,0.54565,0.52347
7708.3,0.54496,0.5224
7799.7,0.54424,0.52131
7892.2,0.5435,0.5202
7985.8,0.54275,0.51907
8080.6,0.54197,0.51792
8176.4,0.54118,0.51676
8273.4,0.54037,0.51558
8371.5,0.53997,0.5144
8470.8,0.53955,0.51321
8571.3,0.53872,0.51201
8672.9,0.53788,0.5108
8775.8,0.53702,0.50959
8879.9,0.53616,0.50838
8985.2,0.53529,0.50717
9091.8,0.53441,0.50596
9199.6,0.53397,0.50476
9308.8,0.53353,0.50355
9419.2,0.53264,0.50236
9530.9,0.53175,0.50116
9643.9,0.53085,0.49998
9758.3,0.52995,0.4988
9874.1,0.52905,0.49763
9991.2,0.5286,0.49647
10110,0.52815,0.49532
10230,0.52724,0.49475
10351,0.52633,0.49418
10474,0.52543,0.49305
10598,0.52452,0.49193
10724,0.52361,0.49083
10851,0.52316,0.48973
10980,0.5227,0.48864
11110,0.52179,0.48757
11242,0.52088,0.48651
11375,0.51996,0.48545
11510,0.51905,0.48441
11646,0.51813,0.48338
11784,0.51767,0.48235
11924,0.51721,0.48134
12066,0.51629,0.48033
12209,0.51537,0.47933
12354,0.51444,0.47833
12500,0.5135,0.47734
12648,0.51257,0.47636
12798,0.5121,0.47537
12950,0.51163,0.47439
13104,0.51068,0.47341
13259,0.50972,0.47244
13416,0.50876,0.47146
13576,0.50779,0.47048
13737,0.50681,0.46949
13900,0.50632,0.4685
14064,0.50583,0.46751
14231,0.50483,0.46651
14400,0.50382,0.46551
14571,0.5028,0.46449
14744,0.50177,0.46347
14919,0.50125,0.46243
15095,0.50073,0.46139
15275,0.49967,0.46033
15456,0.4986,0.45926
15639,0.49752,0.45817
15824,0.49642,0.45707
16012,0.49531,0.45596
16202,0.49475,0.45483
16394,0.49418,0.45368
16589,0.49304,0.45252
16785,0.49188,0.45134
16985,0.49071,0.45014
17186,0.48952,0.44892
17390,0.48892,0.44769
17596,0.48831,0.44644
17805,0.48709,0.44517
18016,0.48585,0.44388
18230,0.4846,0.44258
18446,0.48333,0.44192
18665,0.48205,0.44126
18886,0.4814,0.43992
19110,0.48075,0.43857
19337,0.47944,0.4372
19566,0.47812,0.43582
19798,0.47678,0.43443
20033,0.47543,0.43302
20271,0.47475,0.4316
20511,0.47407,0.43017
20754,0.47269,0.42873
21001,0.47131,0.42729
21250,0.46992,0.42583
21502,0.46852,0.42438
21757,0.46782,0.42291
22015,0.46712,0.42145
22276,0.46571,0.41998
22540,0.46429,0.41852
22807,0.46287,0.41705
23078,0.46145,0.41559
23352,0.46074,0.41413
23629,0.46002,0.41268
23909,0.4586,0.41124
24192,0.45718,0.4098
24479,0.45575,0.40837
24770,0.45434,0.40696
25064,0.45292,0.40556
25361,0.45222,0.40417
25662,0.45151,0.4028
25966,0.45011,0.40144
26274,0.44871,0.4001
26586,0.44733,0.39877
26901,0.44595,0.39747
27220,0.44527,0.39619
27543,0.44458,0.39492
27870,0.44322,0.39368
28200,0.44188,0.39246
28535,0.44055,0.39126
28873,0.43923,0.39009
29216,0.43792,0.38894
29562,0.43728,0.38781
29913,0.43663,0.38671
30268,0.43535,0.38563
30627,0.43409,0.38458
30990,0.43284,0.38355
31357,0.43161,0.38254
31729,0.43039,0.38156
32106,0.4298,0.38061
32486,0.42919,0.37968
32872,0.42801,0.37877
33262,0.42685,0.37789
33656,0.4257,0.37703
34055,0.42456,0.3762
34459,0.42345,0.37539
34868,0.4229,0.37461
35282,0.42235,0.37384
35700,0.42126,0.3731
36123,0.42019,0.37238
36552,0.41914,0.37169
36985,0.4181,0.37101
37424,0.41708,0.37036
37868,0.41658,0.36973
38317,0.41607,0.36911
38772,0.41508,0.36852
39232,0.41411,0.36795
39697,0.41314,0.36739
40168,0.41219,0.36685
40644,0.41126,0.36633
41126,0.41034,0.36535
41614,0.40988,0.36488
42108,0.40943,0.36442
42607,0.40853,0.36399
43112,0.40765,0.36356
43624,0.40678,0.36315
44141,0.40592,0.36276
44665,0.40507,0.36238
45195,0.40424,0.36201
45731,0.40341,0.36165
46273,0.40301,0.36131
46822,0.4026,0.36097
47377,0.4018,0.36065
47939,0.40101,0.36034
48508,0.40024,0.35974
49083,0.39947,0.35946
49665,0.39872,0.35918
50254,0.39797,0.35892
50850,0.39724,0.35865
51454,0.39652,0.3584
52064,0.39617,0.35815
52681,0.39581,0.35791
53306,0.39511,0.35767
53938,0.39442,0.35744
54578,0.39375,0.35721
55226,0.39308,0.35675
55881,0.39243,0.35653
56543,0.39179,0.35631
57214,0.39117,0.3561
57893,0.39055,0.35588
58579,0.38995,0.35566
59274,0.38936,0.35545
59977,0.38878,0.35523
60689,0.38822,0.35501
61408,0.38795,0.35458
62137,0.38767,0.35436
62874,0.38713,0.35414
63620,0.38661,0.35392
64374,0.3861,0.35369
65138,0.3856,0.35347
65910,0.38511,0.35325
66692,0.38464,0.35302
67483,0.38418,0.35257
68283,0.38374,0.35235
69093,0.38331,0.35212
69913,0.38289,0.3519
70742,0.38248,0.35169
71581,0.38209,0.35147
72430,0.38171,0.35126
73289,0.38134,0.35086
74159,0.38099,0.35067
75038,0.38065,0.35048
75928,0.38032,0.35031
76829,0.38,0.35015
77740,0.3797,0.35
78662,0.3794,0.34974
79595,0.37912,0.34964
80539,0.37885,0.34955
81494,0.37859,0.34948
82461,0.37834,0.34943
83439,0.3781,0.3494
84429,0.37787,0.34942
85430,0.37765,0.34947
86444,0.37745,0.34955
87469,0.37725,0.34965
88506,0.37706,0.34995
89556,0.37688,0.35015
90618,0.37672,0.35039
91693,0.37656,0.35065
92781,0.37641,0.35129
93881,0.37627,0.35167
94995,0.37615,0.35209
96121,0.37603,0.35254
97262,0.37592,0.35357
98415,0.37583,0.35414
99582,0.37566,0.35475
1.0076e+05,0.3756,0.35541
1.0196e+05,0.37555,0.35684
1.0317e+05,0.3755,0.35761
1.0439e+05,0.37547,0.35843
1.0563e+05,0.37545,0.36018
1.0688e+05,0.37545,0.36111
1.0815e+05,0.37546,0.36208
1.0943e+05,0.37547,0.36413
1.1073e+05,0.37551,0.36521
1.1204e+05,0.37555,0.36632
1.1337e+05,0.37562,0.36747
1.1472e+05,0.37569,0.36984
1.1608e+05,0.37578,0.37107
1.1746e+05,0.37601,0.37233
1.1885e+05,0.37615,0.37491
1.2026e+05,0.3763,0.37623
1.2169e+05,0.37647,0.37756
1.2313e+05,0.37666,0.38028
1.2459e+05,0.37687,0.38165
1.2607e+05,0.37709,0.38303
1.2756e+05,0.37734,0.38581
1.2907e+05,0.3776,0.3872
1.3061e+05,0.37819,0.38858
1.3215e+05,0.37851,0.39133
1.3372e+05,0.37886,0.39269
1.3531e+05,0.37922,0.39403
1.3691e+05,0.37961,0.39536
1.3854e+05,0.38002,0.39796
1.4018e+05,0.38045,0.39922
1.4184e+05,0.3809,0.40045
1.4353e+05,0.38187,0.40283
1.4523e+05,0.38239,0.40397
1.4695e+05,0.38293,0.40508
1.4869e+05,0.3835,0.40615
1.5046e+05,0.38409,0.40718
1.5224e+05,0.3847,0.40911
1.5405e+05,0.38598,0.41001
1.5587e+05,0.38666,0.41087
1.5772e+05,0.38736,0.41168
1.5959e+05,0.38807,0.41317
1.6149e+05,0.38881,0.41384
1.634e+05,0.38957,0.41447
1.6534e+05,0.39114,0.41505
1.673e+05,0.39196,0.41559
1.6929e+05,0.39278,0.41608
1.7129e+05,0.39363,0.41693
1.7333e+05,0.39449,0.41729
1.7538e+05,0.39624,0.41761
1.7746e+05,0.39713,0.41789
1.7957e+05,0.39803,0.41812
1.817e+05,0.39894,0.41833
1.8385e+05,0.39986,0.41849
1.8603e+05,0.40169,0.41863
1.8824e+05,0.40262,0.4188
1.9047e+05,0.40354,0.41884
1.9273e+05,0.40446,0.41886
1.9502e+05,0.40537,0.41885
1.9733e+05,0.40718,0.41883
1.9967e+05,0.40807,0.41878
2.0204e+05,0.40895,0.41871
2.0443e+05,0.40982,0.41863
2.0686e+05,0.41068,0.41843
2.0931e+05,0.41234,0.41832
2.118e+05,0.41315,0.4182
2.1431e+05,0.41394,0.41807
2.1685e+05,0.4147,0.41793
2.1942e+05,0.41545,0.4178
2.2202e+05,0.41618,0.41766
2.2466e+05,0.41757,0.41752
2.2732e+05,0.41823,0.41739
2.3002e+05,0.41886,0.41713
2.3275e+05,0.41948,0.41701
2.3551e+05,0.42007,0.4169
2.383e+05,0.42064,0.41679
2.4113e+05,0.42171,0.41669
2.4399e+05,0.42222,0.4166
2.4688e+05,0.4227,0.41652
2.4981e+05,0.42316,0.41645
2.5277e+05,0.42361,0.41634
2.5577e+05,0.42403,0.41631
2.588e+05,0.42444,0.41628
2.6187e+05,0.42483,0.41627
2.6498e+05,0.42558,0.41626
2.6812e+05,0.42593,0.41627
2.713e+05,0.42627,0.4163
2.7452e+05,0.4266,0.41637
2.7778e+05,0.42692,0.41643
2.8107e+05,0.42723,0.4165
2.8441e+05,0.42753,0.41658
2.8778e+05,0.42783,0.41667
2.9119e+05,0.42813,0.41676
2.9465e+05,0.42871,0.41699
2.9814e+05,0.429,0.41712
3.0168e+05,0.42929,0.41725
3.0526e+05,0.42958,0.4174
3.0888e+05,0.42987,0.41755
3.1254e+05,0.43016,0.41771
3.1625e+05,0.43045,0.41804
3.2e+05,0.43075,0.41822
3.2379e+05,0.43105,0.41841
3.2763e+05,0.43136,0.41859
3.3152e+05,0.43166,0.41879
3.3545e+05,0.4323,0.41898
3.3943e+05,0.43262,0.41939
3.4346e+05,0.43295,0.4196
3.4753e+05,0.43328,0.41981
3.5165e+05,0.43362,0.42002
3.5582e+05,0.43396,0.42023
3.6004e+05,0.4343,0.42067
3.6431e+05,0.43465,0.42089
3.6864e+05,0.43501,0.42111
3.7301e+05,0.43536,0.42133
3.7743e+05,0.43609,0.42155
3.8191e+05,0.43645,0.42177
3.8644e+05,0.43682,0.42221
3.9102e+05,0.43719,0.42243
3.9566e+05,0.43755,0.42264
4.0035e+05,0.43792,0.42286
4.051e+05,0.43829,0.42308
4.0991e+05,0.43866,0.42351
4.1477e+05,0.43902,0.42372
4.1969e+05,0.43938,0.42393
4.2467e+05,0.43974,0.42414
4.297e+05,0.4401,0.42434
4.348e+05,0.4408,0.42454
4.3996e+05,0.44114,0.42494
4.4518e+05,0.44148,0.42514
4.5046e+05,0.44181,0.42534
4.558e+05,0.44214,0.42553
4.612e+05,0.44245,0.42571
4.6667e+05,0.44277,0.4259
4.7221e+05,0.44307,0.42626
4.7781e+05,0.44337,0.42644
4.8348e+05,0.44366,0.42661
4.8921e+05,0.44394,0.42678
4.9502e+05,0.44422,0.42695
5.0089e+05,0.44449,0.42711
5.0683e+05,0.44499,0.42743
5.1284e+05,0.44524,0.42759
5.1892e+05,0.44547,0.42774
5.2508e+05,0.4457,0.42788
5.313e+05,0.44591,0.42803
5.3761e+05,0.44612,0.42816
5.4398e+05,0.44633,0.42843
5.5044e+05,0.44652,0.42856
5.5696e+05,0.44671,0.42868
5.6357e+05,0.44689,0.4288
5.7025e+05,0.44706,0.42892
5.7702e+05,0.44722,0.42903
5.8386e+05,0.44738,0.42924
5.9079e+05,0.44753,0.42934
5.9779e+05,0.44768,0.42944
6.0489e+05,0.44795,0.42953
6.1206e+05,0.44808,0.42962
6.1932e+05,0.4482,0.4297
6.2667e+05,0.44832,0.42985
6.341e+05,0.44844,0.42992
6.4162e+05,0.44855,0.42999
6.4923e+05,0.44866,0.43004
6.5693e+05,0.44876,0.4301
6.6472e+05,0.44886,0.43015
6.7261e+05,0.44896,0.43019
6.8058e+05,0.44905,0.43027
6.8866e+05,0.44914,0.4303
6.9682e+05,0.44923,0.43032
7.0509e+05,0.44932,0.43034
7.1345e+05,0.44941,0.43036
7.2191e+05,0.44949,0.43037
7.3048e+05,0.44958,0.43037
7.3914e+05,0.44974,0.43036
7.4791e+05,0.44982,0.43034
7.5678e+05,0.4499,0.43032
7.6576e+05,0.44998,0.4303
7.7484e+05,0.45006,0.43027
7.8403e+05,0.45014,0.43023
7.9333e+05,0.45022,0.43018
8.0274e+05,0.4503,0.43007
8.1226e+05,0.45037,0.43001
8.2189e+05,0.45045,0.42994
8.3164e+05,0.45053,0.42986
8.4151e+05,0.45061,0.42977
8.5149e+05,0.45069,0.42968
8.6159e+05,0.45076,0.42958
8.7181e+05,0.45084,0.42936
8.8215e+05,0.45092,0.42924
8.9261e+05,0.45099,0.42911
9.032e+05,0.45107,0.42897
9.1391e+05,0.45122,0.42882
9.2475e+05,0.45129,0.42867
9.3572e+05,0.45136,0.4285
9.4682e+05,0.45144,0.42833
9.5805e+05,0.4515,0.42796
9.6941e+05,0.45157,0.42776
9.8091e+05,0.45164,0.42755
9.9254e+05,0.4517,0.42733
1.0043e+06,0.45176,0.4271
1.0162e+06,0.45182,0.42687
1.0283e+06,0.45188,0.42662
1.0405e+06,0.45193,0.42609
1.0528e+06,0.45198,0.42581
1.0653e+06,0.45203,0.42552
1.0779e+06,0.45207,0.42521
1.0907e+06,0.45211,0.4249
1.1037e+06,0.45215,0.42457
1.1168e+06,0.45218,0.42423
1.13e+06,0.45223,0.42388
1.1434e+06,0.45225,0.42351
1.157e+06,0.45226,0.42275
1.1707e+06,0.45227,0.42234
1.1846e+06,0.45227,0.42192
1.1986e+06,0.45227,0.42149
1.2128e+06,0.45226,0.42104
1.2272e+06,0.45224,0.42057
1.2418e+06,0.45222,0.42009
1.2565e+06,0.45219,0.41959
1.2714e+06,0.45215,0.41908
1.2865e+06,0.45211,0.418
1.3018e+06,0.45206,0.41744
1.3172e+06,0.452,0.41685
1.3328e+06,0.45194,0.41625
1.3486e+06,0.45187,0.41562
1.3646e+06,0.45179,0.41498
1.3808e+06,0.4517,0.41432
1.3972e+06,0.4516,0.41363
1.4138e+06,0.45149,0.41293
1.4305e+06,0.45138,0.4122
1.4475e+06,0.45126,0.41144
1.4647e+06,0.45112,0.40986
1.482e+06,0.45083,0.40904
1.4996e+06,0.45067,0.40818
1.5174e+06,0.4505,0.40731
1.5354e+06,0.45032,0.4064
1.5536e+06,0.45013,0.40546
1.572e+06,0.44992,0.4045
1.5907e+06,0.44971,0.4035
1.6095e+06,0.44949,0.40247
1.6286e+06,0.44925,0.40141
1.648e+06,0.44901,0.40032
1.6675e+06,0.44875,0.39919
1.6873e+06,0.44848,0.39803
1.7073e+06,0.4482,0.39683
1.7275e+06,0.44791,0.39559
1.748e+06,0.4476,0.39431
1.7688e+06,0.44728,0.393
1.7897e+06,0.44695,0.39164
1.811e+06,0.44661,0.38878
1.8325e+06,0.44625,0.38729
1.8542e+06,0.44588,0.38575
1.8762e+06,0.44549,0.38416
1.8984e+06,0.44509,0.38251
1.921e+06,0.44467,0.38081
1.9437e+06,0.44424,0.37906
1.9668e+06,0.44379,0.37725
1.9901e+06,0.44333,0.37538
2.0137e+06,0.44285,0.37345
2.0376e+06,0.44235,0.37146
2.0618e+06,0.44184,0.3694
2.0862e+06,0.4413,0.36727
2.111e+06,0.44075,0.36506
2.136e+06,0.44019,0.36279
2.1614e+06,0.4396,0.36043
2.187e+06,0.43899,0.35923
2.2129e+06,0.43836,0.358
2.2392e+06,0.43771,0.35555
2.2657e+06,0.43704,0.35301
2.2926e+06,0.43635,0.35039
2.3198e+06,0.43564,0.34767
2.3473e+06,0.4349,0.34485
2.3752e+06,0.43414,0.34194
2.4033e+06,0.43335,0.33892
2.4318e+06,0.43254,0.33579
2.4607e+06,0.43171,0.33255
2.4899e+06,0.43084,0.32919
2.5194e+06,0.42995,0.32571
2.5493e+06,0.42903,0.32209
2.5795e+06,0.42808,0.31834
2.6101e+06,0.4271,0.31445
2.6411e+06,0.42609,0.31244
2.6724e+06,0.42505,0.31041
2.7041e+06,0.42398,0.30621
2.7362e+06,0.42287,0.30185
2.7686e+06,0.42172,0.29732
2.8015e+06,0.42054,0.29261
2.8347e+06,0.41932,0.28771
2.8683e+06,0.41806,0.28517
2.9023e+06,0.41676,0.2826
2.9368e+06,0.41542,0.27729
2.9716e+06,0.41404,0.27176
3.0068e+06,0.41333,0.26599
3.0425e+06,0.41261,0.25998
3.0786e+06,0.41114,0.25686
3.1151e+06,0.40961,0.2537
3.152e+06,0.40804,0.24716
3.1894e+06,0.40642,0.24032
3.2273e+06,0.40474,0.23317
3.2655e+06,0.40301,0.22945
3.3043e+06,0.40123,0.22569
3.3435e+06,0.39938,0.21787
3.3831e+06,0.39747,0.20967
3.4232e+06,0.3955,0.20541
3.4639e+06,0.39346,0.20109
3.5049e+06,0.39136,0.19208
3.5465e+06,0.38918,0.18263
3.5886e+06,0.38806,0.1727
3.6311e+06,0.38693,0.16751
3.6742e+06,0.3846,0.16225
3.7178e+06,0.38219,0.15126
3.7619e+06,0.3797,0.13968
3.8065e+06,0.37719,0.13361
3.8517e+06,0.37459,0.12747
3.8973e+06,0.37189,0.12106
3.9436e+06,0.36911,0.11457
3.9903e+06,0.36767,0.10094
4.0377e+06,0.36622,0.086511
4.0856e+06,0.36322,0.071219
4.134e+06,0.36012,0.065873
4.183e+06,0.35691,0.060464
4.2327e+06,0.35357,0.05499
4.2829e+06,0.35185,0.037742
4.3337e+06,0.35011,0.028615
4.3851e+06,0.34652,0.01938
4.4371e+06,0.34279,-0.00019928
4.4897e+06,0.33893,-0.00019928
4.543e+06,0.33491,-0.00019928
4.5968e+06,0.33283,-0.00019928
4.6514e+06,0.33073,-0.00019928
4.7065e+06,0.32639,-0.00019928
4.7624e+06,0.32188,-0.00019928
4.8188e+06,0.31718,-0.00019928
4.876e+06,0.31229,-0.00019928
4.9338e+06,0.30976,-0.00019928
4.9924e+06,0.30721,-0.00019928
5.0516e+06,0.3019,-0.00019928
5.1115e+06,0.29638,-0.00019928
5.1721e+06,0.29352,-0.00019928
5.2335e+06,0.29062,-0.00019928
5.2955e+06,0.28461,-0.00019928
5.3583e+06,0.27833,-0.00019928
5.4219e+06,0.27178,-0.00019928
5.4862e+06,0.26838,-0.00019928
5.5513e+06,0.26493,-0.00019928
5.6171e+06,0.25777,-0.00019928
5.6838e+06,0.25404,-0.00019928
5.7512e+06,0.25027,-0.00019928
5.8194e+06,0.24242,-0.00019928
5.8884e+06,0.23833,-0.00019928
5.9582e+06,0.23419,-0.00019928
6.0289e+06,0.22556,-0.00019928
6.1004e+06,0.2165,-0.00019928
6.1728e+06,0.21177,-0.00019928
6.246e+06,0.20698,-0.00019928
6.3201e+06,0.19697,-0.00019928
6.395e+06,0.19174,-0.00019928
6.4709e+06,0.18644,-0.00019928
6.5476e+06,0.18092,-0.00019928
6.6253e+06,0.17534,-0.00019928
6.7039e+06,0.16364,-0.00019928
6.7834e+06,0.15749,-0.00019928
6.8639e+06,0.15128,-0.00019928
6.9453e+06,0.13821,-0.00019928
7.0277e+06,0.13134,-0.00019928
7.111e+06,0.12438,-0.00019928
7.1954e+06,0.10972,-0.00019928
7.2807e+06,0.10199,-0.00019928
7.3671e+06,0.094171,-0.00019928
7.4544e+06,0.085954,-0.00019928
7.5428e+06,0.077639,-0.00019928
7.6323e+06,0.060041,-0.00019928
7.7228e+06,0.041277,-0.00019928
7.8144e+06,0.031314,-0.00019928
7.9071e+06,0.021233,-0.00019928
8.0009e+06,0.014167,-0.00019928
8.0958e+06,0.0070164,-0.00019928
8.1918e+06,-0.00021861,-0.00019928
8.289e+06,-0.00021861,-0.00019928
8.3873e+06,-0.00021861,-0.00019928
8.4868e+06,-0.00021861,-0.00019928
8.5875e+06,-0.00021861,-0.00019928
8.6893e+06,-0.00021861,-0.00019928
8.7924e+06,-0.00021861,-0.00019928
8.8967e+06,-0.00021861,-0.00019928
9.0022e+06,-0.00021861,-0.00019928
9.109e+06,-0.00021861,-0.00019928
9.217e+06,-0.00021861,-0.00019928
9.3263e+06,-0.00021861,-0.00019928
9.4369e+06,-0.00021861,-0.00019928
9.5489e+06,-0.00021861,-0.00019928
9.6621e+06,-0.00021861,-0.00019928
9.7767e+06,-0.00021861,-0.00019928
9.8927e+06,-0.00021861,-0.00019928
1.001e+07,-0.00021861,-0.00019928
1.0129e+07,-0.00021861,-0.00019928
1.0249e+07,-0.00021861,-0.00019928
1.037e+07,-0.00021861,-0.00019928
1.0493e+07,-0.00021861,-0.00019928
1.0618e+07,-0.00021861,-0.00019928
1.0744e+07,-0.00021861,-0.00019928
1.0871e+07,-0.00021861,-0.00019928
1.1e+07,-0.00021861,-0.00019928
1.1131e+07,-0.00021861,-0.00019928
1.1263e+07,-0.00021861,-0.00019928
1.1396e+07,-0.00021861,-0.00019928
1.1532e+07,-0.00021861,-0.00019928
1.1668e+07,-0.00021861,-0.00019928
1.1807e+07,-0.00021861,-0.00019928
1.1947e+07,-0.00021861,-0.00019928
1.2088e+07,-0.00021861,-0.00019928
1.2232e+07,-0.00021861,-0.00019928
1.2377e+07,-0.00021861,-0.00019928
1.2524e+07,-0.00021861,-0.00019928
1.2672e+07,-0.00021861,-0.00019928
1.2823e+07,-0.00021861,-0.00019928
1.2975e+07,-0.00021861,-0.00019928
1.3129e+07,-0.00021861,-0.00019928
1.3284e+07,-0.00021861,-0.00019928
1.3442e+07,-0.00021861,-0.00019928
1.3601e+07,-0.00021861,-0.00019928
1.3763e+07,-0.00021861,-0.00019928
1.3926e+07,-0.00021861,-0.00019928
1.4091e+07,-0.00021861,-0.00019928
1.4258e+07,-0.00021861,-0.00019928
1.4427e+07,-0.00021861,-0.00019928
1.4598e+07,-0.00021861,-0.00019928
1.4771e+07,-0.00021861,-0.00019928
1.4947e+07,-0.00021861,-0.00019928
